id,first_name,last_name,email,gender,Company,City,Value
1,Wolfgang,Derdes,wderdes0@dot.gov,Female,"Kling Lueilwitz and Waelchi",Seattle,2500000
2,Burgess,Blakiston,bblakiston1@xing.com,Male,"Bayer LLC",Kent,1500000
3,Marlon,Eby,meby2@webnode.com,Female,"Davis Johns and Volkman",Auburn,2500000
4,Christoforo,Filippazzo,cfilippazzo3@yahoo.co.jp,Female,"Walker-Crona",Tukwilla,2500000
5,Alleyn,Woolford,awoolford4@bizjournals.com,Non-binary,"Macejkovi Schinner and Ankunding",Seattle,2500000
6,Franni,Lightowlers,flightowlers5@disqus.com,Female,"Bergnaum-Corwin",Kent,1250000
7,Lacie,Whalley,lwhalley6@nba.com,Male,"Quitzon-Kreiger",Auburn,1500000
8,Dena,Mettrick,dmettrick7@bbc.co.uk,Male,"Purdy Tremblay and Schuster",Tukwilla,1250000
9,Doro,Rushbury,drushbury8@twitter.com,Agender,"Reichert  Cassin and Koelpin",Seattle,1750000
10,Jean,Snalum,jsnalum9@printfriendly.com,Male,"Lebsack  Lesch and Wolff",Seattle,3000000
11,Norris,Griffitts,ngriffittsa@vinaora.com,Male,"Hudson  Tromp and Pacocha",Kent,2500000
12,Vincenz,Kemster,vkemsterb@lulu.com,Male,"DuBuque Inc",Auburn,2250000
13,Marice,Readie,mreadiec@topsy.com,Female,"Nienow  Leffler and Krajcik",Tukwilla,750000
14,Shanan,Peskin,speskind@1688.com,Genderqueer,"Kautzer LLC",Seattle,2500000
15,Winna,Quan,wquane@blogger.com,Polygender,"Stoltenberg-Torphy",Kent,2250000
16,Maryl,Dulwitch,mdulwitchf@twitpic.com,Male,"Mante  Heaney and Gusikowski",Auburn,750000
17,Benson,De Vaar,bdevaarg@squarespace.com,Female,"Lynch Williamson and Parisian",Tukwilla,1800000
18,Terry,Ravenscroftt,travenscroftth@icq.com,Female,"Smith and Sons",Seattle,1650000
19,Cherida,Sleite,csleitei@dagondesign.com,Male,"Stroman  Stark and Fadel",Kent,1350000
20,Georg,Guiton,gguitonj@goo.gl,Male,"Grady  Miller and Bailey",Auburn,1000000
21,Dion,Kenefick,dkenefickk@wufoo.com,Female,"Crooks-Wilkinson",Tukwilla, 3000000
22,Tobit,Tofpik,ttofpikl@admin.ch,Male,"Runolfsdottir-Toy",Seattle, 2250000
23,Beatriz,Sheeran,bsheeranm@yahoo.com,Female,"Gorczany and Sons",Kent,1000000
24,Robby,Dmitrichenko,rdmitrichenkon@de.vu,Female,"Tillman-Considine",Auburn, 3000000
25,Allin,Browncey,abrownceyo@theguardian.com,Female,"MacGyver Moore and Hills",Tukwilla,3000000
26,Roth,Callway,rcallwayp@diigo.com,Female,"Wisozk-Lubowitz",Seattle,2700000
27,Cosetta,Mullan,cmullanq@csmonitor.com,Female,"Oberbrunner-O Reilly",Kent,2700000
28,Cybil,Crowch,ccrowchr@discuz.net,Female,"Hilll-Smitham",Auburn, 1000000
29,Isabelle,Barbrick,ibarbricks@ask.com,Male,"Cole Reichert and Harber",Tukwilla,3000000
30,Lacy,Cross,lcrosst@soup.io,Female,"Torp Nicolas and Friesen",Seattle,3500000
31,Mart,Cutchey,mcutcheyu@baidu.com,Male,"Hammes and Sons",Kent, 1000000
32,Amity,Happel,ahappelv@cloudflare.com,Male,"Muller Feest and Smitham",Auburn,3000000
33,Sybila,Fazzioli,sfazzioliw@va.gov,Male,"Friesen Konopelski and Armstrong",Tukwilla,3500000
34,Galen,Bewfield,gbewfieldx@samsung.com,Male,"Morar Hoeger and Kulas",Tukwilla,3000000
35,Gregorius,Clara,gclaray@nih.gov,Polygender,"Marquardt-Borer",Kent,2700000
36,Bat,Pace,bpacez@nydailynews.com,Female,"Mohr-Stanton",Auburn, 1000000
37,Sula,Laister,slaister10@plala.or.jp,Male,"Purdy  Paucek and Wisozk",Tukwilla,3000000
38,Kerrill,Rosellini,krosellini11@desdev.cn,Female,"Parisian Inc",Tukwilla, 5250000
39,Erika,Prando,eprando12@seesaa.net,Female,"Feil-Zboncak",Kent,3000000
40,Riobard,Torricina,rtorricina13@bbb.org,Male,"Mante-Boehm",Auburn,5000000
41,Maurizia,Dibbert,mdibbert14@omniture.com,Male,"Kohler-Abernathy",Tukwilla,3500000
42,Tedd,Meric,tmeric15@spotify.com,Non-binary,"Homenick  Becker and Grant",Tukwilla, 1000000
43,Osborn,Ollive,oollive16@sina.com.cn,Male,"Emard-Kassulke",Kent,2700000
44,Amaleta,McLaggan,amclaggan17@parallels.com,Male,"Bernhard and Son",Auburn,3000000
45,Dre,Wyon,dwyon18@utexas.edu,Female,"Hudson and Sons",Tukwilla,2700000
46,Danice,Laudham,dlaudham19@nytimes.com,Bigender,"Ledner Kertzmann and Harber",Tukwilla, 1000000
47,Joel,Barsam,jbarsam1a@topsy.com,Female,"Okuneva-Lemke",Kent, 5250000
48,Leonard,Bruneton,lbruneton1b@dion.ne.jp,Agender,"Leuschke and Sons",Auburn,3000000
49,Tessy,Tolumello,ttolumello1c@wikia.com,Female,"Ruecker  Schroeder and Casper",Tukwilla, 1000000
50,Marijn,Castilla,mcastilla1d@mapy.cz,Genderqueer,"Crooks Inc",Tukwilla,2700000
51,Lib,Cordoba,lcordoba1e@disqus.com,Male,"Marvin-Grimes",Kent, 5250000
52,Archer,Deavin,adeavin1f@house.gov,Female,"Fisher Koelpin and Price",Auburn,250000
53,Inesita,Whodcoat,iwhodcoat1g@narod.ru,Male,"Kautzer-Kuhic",Tukwilla,2700000
54,Sander,Blainey,sblainey1h@salon.com,Male,"Schmidt-Gleason",Tukwilla, 5250000
55,Corette,Growcock,cgrowcock1i@bbb.org,Male,"Satterfield-Quitzon",Kent,2700000
56,Ariella,Veregan,averegan1j@webeden.co.uk,Female,"Hyatt  Shields and Hansen",Auburn,1000000
57,Trumann,Presswell,tpresswell1k@bloomberg.com,Female,"Koch  Bins and Watsica",Tukwilla,1500000
58,Ardith,Shellum,ashellum1l@state.tx.us,Male,"Grimes-Simonis",Tukwilla,1000000
59,Karole,Barfford,kbarfford1m@smugmug.com,Female,"Grimes-McClure",Kent,780000
60,Felizio,O Halloran,fohalloran1n@pagesperso-orange.fr,Female,"Hayes LLC",Auburn,1500000
61,Nedda,Farahar,nfarahar1o@wordpress.com,Female,"Lowe LLC",Tukwilla,780000
62,Cyndy,Jeffs,cjeffs1p@themeforest.net,Male,"Hudson-Collins",Tukwilla,2700000
63,Emmi,Aprahamian,eaprahamian1q@harvard.edu,Male,"Lindgren  Spencer and Hoppe",Kent,2700000
64,Engelbert,Mattaus,emattaus1r@dedecms.com,Genderqueer,"Goodwin Inc",Auburn,7000000
65,Merrel,Dallosso,mdallosso1s@indiatimes.com,Female,"Prohaska LLC",Tukwilla,780000
66,Patricia,McCreadie,pmccreadie1t@mediafire.com,Female,"Legros-Daniel",Tukwilla,350000
67,Aubree,Leathley,aleathley1u@stanford.edu,Female,"Bechtelar and Sons",Tukwilla,3500000
68,Eleen,Vassall,evassall1v@creativecommons.org,Male,"Jacobi  Klocko and White",Seattle,750000
69,Krystal,Koomar,kkoomar1w@about.com,Male,"Runte and Sons",Kent,3500000
70,Ashely,Sidworth,asidworth1x@bbb.org,Female,"Kshlerin  Weber and Hane",Auburn,500000
71,Leta,Crackel,lcrackel1y@theglobeandmail.com,Female,"Gerhold  Becker and Hackett",Tukwilla,4750000
72,Albert,Seabrooke,aseabrooke1z@house.gov,Male,"Wyman and Sons",Seattle,4500000
73,Shay,Eudall,seudall20@t.co,Bigender,"Brown Inc",Kent,850000
74,Benjamen,Llopis,bllopis21@prweb.com,Female,"Schowalter LLC",Auburn,4500000
75,Wayne,Weston,wweston22@bbc.co.uk,Female,"Keeling-Konopelski",Tukwilla,850000
76,Koren,Venart,kvenart23@dagondesign.com,Genderqueer,"Leuschke and Sons",Seattle,500000
77,Theodoric,Westbrook,twestbrook24@surveymonkey.com,Female,"Swift-Wehner",Seattle,4750000
78,Grannie,Gaymar,ggaymar25@squarespace.com,Female,"Brekke and Sons",Kent,850000
79,Launce,Pumfrey,lpumfrey26@usgs.gov,Male,"Kulas  Beier and Macejkovic",Auburn,4500000
80,Charlotta,Grieg,cgrieg27@lycos.com,Polygender,"Boehm-Considine",Tukwilla,850000
81,Noella,Durston,ndurston28@themeforest.net,Female,"Schimmel LLC",Seattle,500000
82,Ashlie,Dwelly,adwelly29@friendfeed.com,Male,"Hills  Osinski and Simonis",Kent,4750000
83,Parry,Conor,pconor2a@wufoo.com,Male,"Grady-Rath",Auburn,500000
84,Nil,Anstee,nanstee2b@admin.ch,Male,"Borer LLC",Tukwilla,4500000
85,Tye,Berthomier,tberthomier2c@sogou.com,Female,"Schultz-Hammes",Seattle,500000
86,Bartholomeo,De Bernardi,bdebernardi2d@themeforest.net,Female,"Kiehn-Medhurst",Kent,4750000
87,Ramonda,Cottingham,rcottingham2e@tmall.com,Male,"Rath  Hartmann and Flatley",Auburn,850000
88,Veronique,Brok,vbrok2f@spiegel.de,Female,"Cole and Sons",Tukwilla,4500000
89,Woodrow,Boardman,wboardman2g@trellian.com,Genderfluid,"Hettinger-Gusikowski",Seattle,4750000
90,Kylila,Chagg,kchagg2h@purevolume.com,Genderfluid,"Schaefer Group",Seattle,4500000
91,Brennan,Gollop,bgollop2i@jimdo.com,Male,"Marvin  Haag and Buckridge",Kent,4250000
92,Halimeda,Tern,htern2j@paypal.com,Male,"Paucek  Russel and Maggio",Auburn,4250000
93,Camilla,Handford,chandford2k@usda.gov,Female,"Effertz LLC",Tukwilla,4250000
94,Clive,Smitheram,csmitheram2l@goo.ne.jp,Female,"Funk  Kutch and Gusikowski",Seattle,5000000
95,Rita,Tefft,rtefft2m@rambler.ru,Female,"Howe Inc",Kent,4250000
96,Izzy,Trobey,itrobey2n@ucoz.com,Female,"Stoltenberg  Stamm and Doyle",Auburn,5000000
97,Penni,Itchingham,pitchingham2o@google.com,Male,"Carter  Carter and Jacobson",Tukwilla,4750000
98,Annalise,Krates,akrates2p@ning.com,Male,"McCullough-Fritsch",Seattle,4250000
99,Andriana,McKeachie,amckeachie2q@elegantthemes.com,Female,"Schmidt-Kris",Kent,5000000
100,Petra,Sidwick,psidwick2r@reddit.com,Female,"Kessler Inc",Auburn,5000000
